movieId,avg_rating,num_ratings
5618,4.666666666666667,3
56367,4.666666666666667,3
3147,4.5,4
98154,4.5,3
164179,4.5,3
296,4.333333333333333,3
4720,4.166666666666667,3
4993,4.166666666666667,3
196997,4.0,4
356,4.0,3
7451,4.0,3
194951,4.0,3
4886,3.3333333333333335,3
3623,2.5,3
